{
  "total_value": 138073.99536132812,
  "daily_pl_percent": -0.026276511940628307,
  "allocation_percent": {
    "MEESHO.NS": 90.10240869752731,
    "UNITDSPR.NS": 9.897591302472703
  },
  "fx_exposure_percent": {
    "INR": 100.0
  }
}